{"stat.leaveGame":21,"stat.craftItem.minecraft.iron_axe":1,"stat.drop.minecraft.shield":4,"stat.craftItem.minecraft.shield":4,"stat.pickup.minecraft.glowstone_dust":2,"stat.pickup.minecraft.porkchop":43,"stat.pickup.minecraft.glass":1,"stat.useItem.minecraft.water_bucket":44,"stat.drop.minecraft.iron_sword":1,"stat.pickup.minecraft.rotten_flesh":87,"stat.pickup.minecraft.sand":214,"stat.entityKilledBy.Spider":1,"stat.craftItem.minecraft.stone_axe":1,"stat.killEntity.Enderman":4,"stat.craftItem.minecraft.iron_shovel":1,"stat.mineBlock.minecraft.sand":72,"stat.killEntity.Witch":2,"stat.useItem.minecraft.iron_pickaxe":1509,"stat.craftItem.minecraft.wooden_pickaxe":1,"stat.useItem.minecraft.iron_shovel":194,"stat.craftItem.minecraft.bed":3,"stat.craftItem.minecraft.glass_pane":48,"stat.craftItem.minecraft.golden_carrot":15,"stat.furnaceInteraction":354,"stat.drop.minecraft.gravel":4,"stat.useItem.minecraft.golden_carrot":3,"stat.killEntity.ZombieVillager":7,"stat.pickup.minecraft.beef":19,"stat.pickup.minecraft.furnace":13,"stat.pickup.minecraft.iron_chestplate":6,"stat.useItem.minecraft.fence":36,"stat.useItem.minecraft.wheat_seeds":63,"stat.craftItem.minecraft.fence_gate":1,"stat.useItem.minecraft.dye":27,"stat.deaths":7,"stat.drop.minecraft.golden_carrot":3,"stat.pickup.minecraft.egg":22,"stat.playOneMinute":633266,"stat.craftItem.minecraft.iron_pickaxe":8,"stat.pickup.minecraft.glass_pane":4,"stat.craftItem.galacticraftcore.aluminum_wire":12,"stat.craftItem.minecraft.repeater":4,"stat.mineBlock.minecraft.tallgrass":222,"stat.pickup.minecraft.cooked_mutton":4,"stat.chestOpened":400,"stat.pickup.minecraft.pumpkin":7,"stat.useItem.minecraft.stone":6,"stat.pickup.minecraft.arrow":84,"stat.pickup.minecraft.iron_sword":5,"stat.drop.minecraft.iron_pickaxe":1,"stat.craftItem.minecraft.iron_hoe":1,"stat.pickup.minecraft.cooked_chicken":26,"stat.fallOneCm":83660,"stat.drop.minecraft.stone":2,"stat.pickup.minecraft.carrot":167,"stat.crouchOneCm":45279,"stat.craftItem.minecraft.iron_ingot":338,"stat.craftItem.minecraft.chest":8,"stat.pickup.minecraft.golden_leggings":2,"stat.useItem.minecraft.iron_hoe":41,"stat.craftingTableInteraction":131,"stat.pickup.minecraft.feather":69,"stat.drop.minecraft.bone":1,"stat.useItem.minecraft.furnace":8,"stat.pickup.minecraft.dye":153,"stat.pickup.minecraft.planks":43,"stat.pickup.minecraft.iron_leggings":8,"stat.pickup.minecraft.wheat_seeds":141,"stat.mineBlock.minecraft.gravel":50,"stat.useItem.minecraft.stone_pickaxe":393,"stat.craftItem.minecraft.iron_leggings":4,"stat.pickup.galacticraftcore.canister":1,"stat.mineBlock.minecraft.dirt":239,"stat.craftItem.galacticraftplanets.item_basic_asteroids":33,"stat.useItem.minecraft.torch":74,"stat.pickup.minecraft.crafting_table":19,"stat.useItem.minecraft.cobblestone":449,"stat.craftItem.minecraft.crafting_table":5,"stat.useItem.minecraft.gravel":2,"stat.pickup.galacticraftcore.aluminum_wire":3,"stat.mineBlock.minecraft.double_plant":30,"stat.pickup.extraplanets.ore_lead":48,"stat.pickup.minecraft.log":223,"stat.useItem.galacticraftcore.rocket_workbench":1,"stat.mineBlock.galacticraftcore.basic_block_core":616,"stat.pickup.minecraft.iron_pickaxe":8,"stat.craftItem.minecraft.stone_button":2,"stat.craftItem.minecraft.gold_ingot":58,"stat.craftItem.usefulbackpacks.backpack":4,"stat.drop.minecraft.sapling":2,"stat.pickup.minecraft.chicken":33,"stat.pickup.minecraft.sapling":16,"stat.pickup.minecraft.wooden_door":2,"stat.pickup.minecraft.apple":1,"stat.craftItem.minecraft.bucket":3,"stat.craftItem.minecraft.planks":892,"stat.useItem.minecraft.iron_sword":626,"stat.pickup.minecraft.stone_sword":3,"stat.mineBlock.extraplanets.ore_lead":25,"stat.mineBlock.minecraft.log":207,"stat.craftItem.minecraft.cooked_chicken":24,"stat.pickup.minecraft.red_flower":1,"stat.sneakTime":19824,"stat.pickup.minecraft.wool":136,"stat.useItem.minecraft.baked_potato":20,"stat.craftItem.galacticraftcore.oxygen_concentrator":3,"stat.pickup.minecraft.bone":34,"stat.useItem.minecraft.iron_axe":221,"stat.mineBlock.minecraft.cobblestone":12,"stat.pickup.minecraft.stone_pickaxe":4,"stat.pickup.minecraft.flint":5,"stat.craftItem.minecraft.wool":1,"stat.useItem.galacticraftcore.aluminum_wire":5,"stat.swimOneCm":82010,"stat.drop.minecraft.cobblestone":53,"stat.pickup.minecraft.cooked_porkchop":41,"stat.craftItem.galacticraftcore.machine2":1,"stat.craftItem.galacticraftcore.standard_wrench":1,"stat.useItem.minecraft.dirt":169,"stat.useItem.minecraft.stone_slab2":93,"stat.pickup.minecraft.bow":4,"stat.pickup.minecraft.iron_boots":5,"stat.craftItem.minecraft.furnace":20,"stat.useItem.minecraft.egg":19,"stat.craftItem.minecraft.iron_boots":5,"stat.craftItem.galacticraftcore.air_vent":3,"stat.craftItem.minecraft.stone_pickaxe":2,"stat.craftItem.minecraft.cooked_beef":22,"stat.mineBlock.minecraft.obsidian":9,"stat.pickup.minecraft.shears":1,"stat.pickup.minecraft.cobblestone":1916,"stat.craftItem.galacticraftcore.oxygen_gear":3,"stat.flyOneCm":726279,"stat.drop.minecraft.iron_helmet":2,"stat.useItem.minecraft.cooked_beef":17,"stat.pickup.minecraft.redstone":323,"stat.mineBlock.minecraft.iron_ore":338,"stat.timeSinceDeath":208191,"stat.drop.minecraft.spider_eye":3,"stat.pickup.minecraft.mutton":12,"stat.pickup.galacticraftcore.standard_wrench":1,"stat.craftItem.minecraft.iron_block":3,"stat.drop.minecraft.coal":10,"stat.useItem.minecraft.potato":48,"stat.pickup.galacticraftcore.basic_block_core":1234,"stat.useItem.minecraft.cooked_porkchop":28,"stat.mineBlock.minecraft.coal_ore":456,"stat.killEntity.Creeper":16,"stat.pickup.minecraft.shield":6,"stat.pickup.minecraft.string":23,"stat.entityKilledBy.Skeleton":2,"stat.craftItem.minecraft.stone_slab2":0,"stat.craftItem.galacticraftplanets.thermal_padding":5,"stat.sprintOneCm":1445791,"stat.craftItem.minecraft.stick":72,"stat.craftItem.minecraft.stone":48,"stat.craftItem.minecraft.gold_nugget":126,"stat.mineBlock.minecraft.diamond_ore":13,"stat.pickup.minecraft.grass":1,"stat.mineBlock.minecraft.crafting_table":13,"stat.useItem.minecraft.diamond_pickaxe":581,"stat.useItem.minecraft.carrot":66,"stat.craftItem.galacticraftcore.canister":22,"stat.drop":39,"stat.killEntity.Sheep":8,"stat.craftItem.galacticraftcore.machine":2,"stat.craftItem.minecraft.diamond_pickaxe":1,"stat.killEntity.Zombie":67,"stat.craftItem.minecraft.dye":31,"stat.mineBlock.minecraft.gold_ore":52,"stat.diveOneCm":37039,"stat.pickup.minecraft.wheat":54,"stat.drop.minecraft.wooden_pickaxe":1,"stat.pickup.minecraft.gravel":77,"stat.pickup.galacticraftcore.air_vent":2,"stat.craftItem.minecraft.cooked_porkchop":30,"stat.pickup.minecraft.stone_axe":3,"stat.pickup.minecraft.obsidian":12,"stat.useItem.minecraft.rotten_flesh":32,"stat.drop.minecraft.cooked_porkchop":3,"stat.jump":4729,"stat.pickup.minecraft.coal":859,"stat.pickup.minecraft.iron_helmet":8,"stat.pickup.minecraft.iron_ingot":61,"stat.craftItem.minecraft.lever":3,"stat.useItem.minecraft.stone_axe":22,"stat.pickup.minecraft.gunpowder":47,"stat.pickup.minecraft.spider_eye":10,"stat.craftItem.minecraft.torch":16,"stat.pickup.minecraft.dirt":264,"stat.craftItem.minecraft.iron_helmet":7,"stat.useItem.minecraft.cooked_chicken":16,"stat.pickup.minecraft.iron_ore":497,"stat.pickup.minecraft.stone_shovel":4,"stat.pickup.minecraft.gold_ore":80,"stat.useItem.minecraft.sapling":6,"stat.mineBlock.minecraft.lapis_ore":23,"stat.pickup.minecraft.iron_axe":1,"stat.damageTaken":6380,"stat.pickup.minecraft.leather":11,"stat.mineBlock.minecraft.torch":59,"stat.mineBlock.minecraft.furnace":8,"stat.mineBlock.minecraft.red_flower":1,"stat.useItem.minecraft.wooden_pickaxe":32,"stat.pickup.minecraft.reeds":18,"stat.pickup.minecraft.bed":2,"stat.pickup.minecraft.potato":91,"stat.entityKilledBy.Zombie":3,"stat.craftItem.extraplanets.oxygen_tank_heavy_full_white":6,"stat.damageDealt":32710,"stat.drop.minecraft.cooked_chicken":9,"stat.craftItem.minecraft.glass":72,"stat.sleepInBed":8,"stat.craftItem.minecraft.anvil":1,"stat.craftItem.minecraft.baked_potato":20,"stat.killEntity.Cow":12,"stat.useItem.minecraft.crafting_table":3,"stat.killEntity.Pig":15,"stat.craftItem.minecraft.iron_sword":4,"stat.walkOneCm":911966,"stat.animalsBred":11,"stat.craftItem.galacticraftcore.fluid_pipe":18,"stat.useItem.minecraft.chest":4,"stat.drop.minecraft.wheat":1,"stat.pickup.minecraft.stick":37,"stat.pickup.minecraft.diamond_pickaxe":2,"stat.craftItem.galacticraftcore.rocket_workbench":1,"stat.pickup.galacticraftcore.basic_item":90,"stat.drop.minecraft.iron_chestplate":2,"stat.pickup.minecraft.stone":176,"stat.craftItem.minecraft.iron_chestplate":4,"stat.pickup.minecraft.baked_potato":16,"stat.pickup.minecraft.ender_pearl":3,"stat.pickup.galacticraftcore.fluid_pipe":7,"stat.killEntity.Skeleton":32,"stat.killEntity.Chicken":29,"stat.drop.minecraft.crafting_table":2,"stat.killEntity.Spider":17,"stat.mobKills":214,"stat.craftItem.minecraft.shears":1,"stat.craftItem.minecraft.fence":39,"stat.pickup.minecraft.water_bucket":3,"stat.pickup.minecraft.diamond":25,"stat.mineBlock.minecraft.leaves":40,"stat.pickup.minecraft.torch":112,"stat.mineBlock.minecraft.redstone_ore":47,"stat.craftItem.minecraft.coal_block":5,"stat.craftItem.galacticraftcore.basic_item":704,"stat.mineBlock.minecraft.stone":895,"stat.craftItem.galacticraftcore.oxygen_mask":3}