{"stat.chestOpened":6,"stat.walkOneCm":158932,"stat.useItem.minecraft.iron_sword":3,"stat.leaveGame":1,"stat.pickup.minecraft.iron_sword":1,"stat.damageTaken":500,"stat.furnaceInteraction":11,"stat.pickup.minecraft.shield":1,"stat.craftItem.minecraft.cooked_chicken":7,"stat.pickup.minecraft.iron_leggings":1,"stat.flyOneCm":108418,"stat.jump":907,"stat.swimOneCm":147,"stat.playOneMinute":30466,"stat.pickup.minecraft.iron_helmet":1,"stat.fallOneCm":19676,"stat.pickup.minecraft.iron_pickaxe":1,"stat.sneakTime":34,"stat.craftItem.minecraft.stone_slab2":0,"stat.damageDealt":157,"stat.crouchOneCm":176,"stat.sleepInBed":2,"stat.timeSinceDeath":30466,"stat.sprintOneCm":100698,"stat.pickup.minecraft.iron_chestplate":1,"stat.pickup.minecraft.iron_boots":1,"stat.useItem.minecraft.cooked_chicken":7,"stat.craftingTableInteraction":2}