{"stat.leaveGame":84,"stat.useItem.minecraft.planks":1185,"stat.drop.minecraft.feather":9,"stat.pickup.minecraft.porkchop":19,"stat.mineBlock.minecraft.stone_brick_stairs":12,"stat.pickup.minecraft.rotten_flesh":45,"stat.pickup.minecraft.sand":149,"stat.entityKilledBy.Spider":1,"stat.craftItem.minecraft.stone_axe":3,"stat.craftItem.minecraft.cobblestone_wall":42,"stat.craftItem.minecraft.stone_sword":2,"stat.mineBlock.minecraft.sand":71,"stat.drop.minecraft.sand":7,"stat.useItem.minecraft.iron_pickaxe":946,"stat.craftItem.minecraft.wooden_pickaxe":5,"stat.useItem.minecraft.iron_shovel":126,"stat.furnaceInteraction":81,"stat.drop.minecraft.gravel":18,"stat.useItem.minecraft.golden_carrot":3,"stat.killEntity.ZombieVillager":2,"stat.drop.minecraft.red_flower":1,"stat.pickup.minecraft.beef":8,"stat.pickup.minecraft.furnace":5,"stat.useItem.minecraft.cooked_mutton":2,"stat.pickup.minecraft.iron_chestplate":5,"stat.useItem.minecraft.stone_stairs":53,"stat.pickup.minecraft.stone_stairs":40,"stat.pickup.minecraft.golden_carrot":3,"stat.deaths":26,"stat.pickup.minecraft.egg":33,"stat.playOneMinute":965617,"stat.craftItem.minecraft.iron_pickaxe":4,"stat.mineBlock.minecraft.tallgrass":85,"stat.craftItem.minecraft.cooked_mutton":2,"stat.pickup.minecraft.cooked_mutton":2,"stat.chestOpened":68,"stat.pickup.minecraft.pumpkin":10,"stat.useItem.minecraft.stone":8,"stat.pickup.minecraft.arrow":79,"stat.pickup.minecraft.iron_sword":4,"stat.drop.minecraft.flint":1,"stat.pickup.minecraft.cooked_chicken":32,"stat.fallOneCm":133708,"stat.drop.minecraft.stone":25,"stat.pickup.minecraft.carrot":22,"stat.crouchOneCm":27582,"stat.craftItem.minecraft.iron_ingot":43,"stat.craftItem.minecraft.chest":4,"stat.pickup.minecraft.golden_leggings":2,"stat.craftingTableInteraction":76,"stat.pickup.minecraft.wooden_pickaxe":1,"stat.pickup.minecraft.feather":61,"stat.drop.minecraft.bone":2,"stat.pickup.minecraft.dye":24,"stat.pickup.minecraft.planks":1036,"stat.pickup.minecraft.iron_leggings":5,"stat.pickup.minecraft.wheat_seeds":29,"stat.mineBlock.minecraft.gravel":11,"stat.useItem.minecraft.stone_pickaxe":359,"stat.useItem.minecraft.stone_sword":148,"stat.useItem.minecraft.wool":5,"stat.mineBlock.minecraft.dirt":323,"stat.useItem.minecraft.torch":32,"stat.useItem.minecraft.bread":4,"stat.drop.minecraft.rotten_flesh":2,"stat.craftItem.minecraft.stone_stairs":60,"stat.pickup.minecraft.crafting_table":12,"stat.useItem.minecraft.log":182,"stat.useItem.minecraft.cobblestone":160,"stat.craftItem.minecraft.crafting_table":6,"stat.useItem.minecraft.gravel":7,"stat.mineBlock.minecraft.double_plant":1,"stat.pickup.extraplanets.ore_lead":11,"stat.pickup.minecraft.log":337,"stat.mineBlock.galacticraftcore.basic_block_core":140,"stat.pickup.minecraft.iron_pickaxe":4,"stat.pickup.usefulbackpacks.backpack":1,"stat.craftItem.usefulbackpacks.backpack":2,"stat.drop.minecraft.sapling":3,"stat.pickup.minecraft.chicken":17,"stat.pickup.minecraft.sapling":69,"stat.pickup.minecraft.wooden_door":1,"stat.pickup.minecraft.apple":7,"stat.craftItem.minecraft.planks":1756,"stat.useItem.minecraft.iron_sword":136,"stat.pickup.minecraft.stone_sword":3,"stat.mineBlock.extraplanets.ore_lead":11,"stat.useItem.minecraft.stonebrick":54,"stat.mineBlock.minecraft.log":180,"stat.craftItem.minecraft.wooden_door":3,"stat.craftItem.minecraft.cooked_chicken":5,"stat.useItem.minecraft.wooden_door":2,"stat.pickup.minecraft.red_flower":2,"stat.sneakTime":14871,"stat.pickup.minecraft.wool":31,"stat.pickup.minecraft.stone_slab":2,"stat.pickup.minecraft.yellow_flower":6,"stat.pickup.minecraft.bone":22,"stat.mineBlock.minecraft.cobblestone":27,"stat.mineBlock.minecraft.pumpkin":12,"stat.pickup.minecraft.stone_pickaxe":1,"stat.pickup.minecraft.flint":4,"stat.mineBlock.minecraft.yellow_flower":1,"stat.craftItem.minecraft.stone_brick_stairs":200,"stat.swimOneCm":48389,"stat.climbOneCm":18531,"stat.pickup.minecraft.cooked_porkchop":13,"stat.useItem.minecraft.dirt":133,"stat.useItem.minecraft.stone_slab2":4643,"stat.pickup.minecraft.iron_boots":4,"stat.craftItem.minecraft.furnace":1,"stat.useItem.minecraft.egg":19,"stat.craftItem.minecraft.stone_pickaxe":6,"stat.craftItem.minecraft.cooked_beef":5,"stat.pickup.minecraft.cobblestone":1204,"stat.useItem.minecraft.stone_shovel":221,"stat.flyOneCm":1006197,"stat.pickup.minecraft.sandstone":1,"stat.drop.minecraft.wheat_seeds":1,"stat.useItem.minecraft.cooked_beef":5,"stat.pickup.minecraft.redstone":63,"stat.mineBlock.minecraft.iron_ore":69,"stat.timeSinceDeath":118673,"stat.useItem.minecraft.sign":8,"stat.pickup.minecraft.mutton":2,"stat.killEntity.Bat":3,"stat.craftItem.minecraft.stonebrick":96,"stat.pickup.minecraft.stonebrick":81,"stat.drop.minecraft.dirt":51,"stat.pickup.galacticraftcore.basic_block_core":362,"stat.useItem.minecraft.cooked_porkchop":19,"stat.mineBlock.minecraft.coal_ore":140,"stat.pickup.minecraft.shield":5,"stat.killEntity.Creeper":3,"stat.pickup.minecraft.string":3,"stat.mineBlock.minecraft.ladder":1,"stat.entityKilledBy.Skeleton":7,"stat.sprintOneCm":792422,"stat.craftItem.minecraft.stick":140,"stat.craftItem.minecraft.stone":100,"stat.mineBlock.minecraft.diamond_ore":5,"stat.mineBlock.minecraft.crafting_table":7,"stat.useItem.minecraft.carrot":3,"stat.entityKilledBy.Creeper":4,"stat.mineBlock.minecraft.planks":30,"stat.drop":117,"stat.pickup.minecraft.stone_button":2,"stat.killEntity.Sheep":2,"stat.useItem.minecraft.ladder":15,"stat.killEntity.Zombie":21,"stat.mineBlock.minecraft.gold_ore":6,"stat.diveOneCm":47632,"stat.craftItem.minecraft.sandstone":16,"stat.craftItem.minecraft.ladder":15,"stat.pickup.minecraft.sign":9,"stat.drop.minecraft.wooden_pickaxe":1,"stat.pickup.minecraft.gravel":49,"stat.craftItem.minecraft.cooked_porkchop":17,"stat.pickup.minecraft.stone_axe":3,"stat.useItem.minecraft.apple":6,"stat.pickup.minecraft.stained_glass_pane":2,"stat.useItem.minecraft.rotten_flesh":1,"stat.pickup.minecraft.stone_brick_stairs":27,"stat.jump":7054,"stat.pickup.minecraft.coal":195,"stat.pickup.minecraft.iron_helmet":5,"stat.useItem.minecraft.stone_axe":315,"stat.pickup.minecraft.gunpowder":29,"stat.pickup.minecraft.spider_eye":9,"stat.craftItem.minecraft.torch":12,"stat.pickup.minecraft.dirt":478,"stat.useItem.minecraft.cooked_chicken":11,"stat.pickup.minecraft.iron_ore":70,"stat.pickup.minecraft.stone_shovel":5,"stat.useItem.minecraft.sapling":5,"stat.pickup.minecraft.gold_ore":28,"stat.mineBlock.minecraft.lapis_ore":4,"stat.mineBlock.minecraft.leaves2":4,"stat.mineBlock.minecraft.stone_stairs":10,"stat.damageTaken":10263,"stat.pickup.minecraft.leather":2,"stat.useItem.minecraft.stone_brick_stairs":205,"stat.mineBlock.minecraft.torch":16,"stat.mineBlock.minecraft.furnace":1,"stat.mineBlock.minecraft.red_flower":1,"stat.useItem.minecraft.wooden_pickaxe":158,"stat.pickup.minecraft.reeds":32,"stat.entityKilledBy.Zombie":7,"stat.damageDealt":11429,"stat.sleepInBed":13,"stat.killEntity.Cow":3,"stat.killEntity.Pig":10,"stat.craftItem.minecraft.stone_shovel":2,"stat.walkOneCm":2170226,"stat.useItem.minecraft.chest":1,"stat.pickup.minecraft.stick":23,"stat.useItem.minecraft.pumpkin":2,"stat.pickup.galacticraftcore.basic_item":9,"stat.pickup.minecraft.stone":184,"stat.pickup.minecraft.cooked_beef":1,"stat.pickup.minecraft.ladder":1,"stat.killEntity.Skeleton":15,"stat.mineBlock.minecraft.stonebrick":7,"stat.killEntity.Chicken":17,"stat.killEntity.Spider":6,"stat.mobKills":84,"stat.useItem.minecraft.cobblestone_wall":40,"stat.pickup.minecraft.diamond":5,"stat.mineBlock.minecraft.leaves":96,"stat.pickup.minecraft.torch":48,"stat.pickup.minecraft.spruce_stairs":2,"stat.mineBlock.minecraft.redstone_ore":11,"stat.drop.minecraft.arrow":4,"stat.mineBlock.minecraft.stone":943,"stat.useItem.minecraft.sandstone":203}